TwCty11CD,Age65plus,Age75plus,Age85plus,MeanAge,MedianAge
E34000007,0.228372434,0.105388563,0.026576246,44.5,47
E34000016,0.224186779,0.122612802,0.04386149,43.4,44
E34000020,0.164641173,0.080565741,0.023153483,38.7,37
E34000026,0.197697931,0.097371286,0.028309224,42.1,43
E34000027,0.301451672,0.171444322,0.050808526,46.3,47
E34000039,0.214742112,0.113233647,0.035307292,42.9,43
E34000048,0.185128467,0.085587885,0.024672452,41.4,42
E34000055,0.232483017,0.115243931,0.033965132,43.1,44
E34000056,0.191716157,0.08786356,0.02680067,41.5,43
E34000067,0.161396616,0.077624992,0.023762753,40.1,40
E34000068,0.210704498,0.098339513,0.033693374,43,45
E34000086,0.149826713,0.06744868,0.021994135,39,39
E34000109,0.330565845,0.170264402,0.057861796,49.9,54
E34000115,0.173646382,0.081264974,0.025970292,40.5,41
E34000156,0.220921,0.097459309,0.026200873,44.1,46
E34000161,0.184872876,0.078063115,0.02223074,41.2,42
E34000174,0.178272652,0.085012372,0.022740662,40.7,42
E34000175,0.195520849,0.096950052,0.027700015,42,43
E34000181,0.158076272,0.071163608,0.017782767,39.4,40
E34000182,0.232608696,0.111231884,0.035326087,43.9,45
E34000184,0.139016132,0.066719777,0.019717188,36.4,33
E34000188,0.206307054,0.09560166,0.02406639,42.8,45
E34000193,0.159602142,0.06503443,0.017597552,40.1,41
E34000214,0.113824057,0.054802513,0.013105925,33.4,31
E34000231,0.297910025,0.162283032,0.055614594,47.7,50
E34000234,0.174368932,0.084466019,0.023300971,40,40
E34000242,0.409257473,0.228158149,0.088138862,53.1,59
E34000250,0.187637114,0.097948122,0.03432701,41.2,42
E34000271,0.250668449,0.13057041,0.032865419,45.1,46
E34000273,0.239260407,0.111824624,0.038529672,44.7,46
E34000278,0.168702885,0.076163244,0.021055368,40.6,41
E34000290,0.222502677,0.117179134,0.0360257,42.4,43
E34000306,0.129821023,0.060120998,0.020544492,39,41
E34000310,0.167164955,0.077343039,0.016118549,40.3,42
E34000313,0.19455978,0.098277046,0.027985746,42.2,43
E34000323,0.011937378,0.005283757,0.001174168,21.8,20
E34000327,0.133131171,0.057838098,0.014200658,36.7,36
E34000353,0.371323529,0.179812834,0.051804813,53.5,59
E34000360,0.160537964,0.065202588,0.013449098,39.4,40
E34000363,0.209383625,0.112971481,0.036430543,42.6,44
E34000387,0.181984286,0.077288507,0.023387539,41.9,44
E34000396,0.182991202,0.08797654,0.02111437,39.9,40
E34000403,0.242797398,0.127904275,0.044086896,44.5,46
E34000409,0.285060758,0.140814868,0.040171551,47.7,51
E34000416,0.207785578,0.107849394,0.037779196,42.3,43
E34000430,0.22455194,0.113885505,0.03862885,42.6,42
E34000440,0.138869846,0.064538243,0.017432181,37.9,37
E34000458,0.181214906,0.083971414,0.026033691,41.6,43
E34000469,0.301060012,0.166513647,0.062181788,47.1,49
E34000473,0.139788098,0.057833243,0.016960509,37.8,38
E34000482,0.279221744,0.131887717,0.030595574,46.5,49
E34000490,0.23177876,0.112060219,0.034593356,44.1,46
E34000499,0.232711252,0.114895302,0.031434087,43.8,46
E34000504,0.179469027,0.078938053,0.022654867,40.9,42
E34000508,0.174377486,0.073449241,0.020111979,42,44
E34000509,0.26617755,0.131474688,0.033895818,45.1,46
E34000521,0.201392988,0.10305749,0.037893991,43.4,45
E34000527,0.146530983,0.065751588,0.022324774,38.3,37
E34000550,0.23175736,0.109901873,0.033184657,44.9,47
E34000553,0.177237354,0.073346304,0.019649805,41.7,44
E34000567,0.203508942,0.102990355,0.031842195,42.3,45
E34000573,0.226840437,0.10787249,0.030908771,44.2,45
E34000574,0.190058987,0.082191187,0.022380291,42.2,43
E34000589,0.27158444,0.129981025,0.038543643,46.7,50
E34000591,0.237989779,0.122827939,0.03560477,43.3,44
E34000597,0.131749316,0.064189415,0.019321898,35.8,30
E34000628,0.241841686,0.119605882,0.026780753,45,47
E34000633,0.231780858,0.120704884,0.036618213,43.9,45
E34000645,0.211773766,0.099084453,0.02969111,43,45
E34000656,0.185733096,0.094880335,0.0267214,39.5,39
E34000682,0.204780876,0.100557769,0.03314741,42.8,45
E34000692,0.168072358,0.082318818,0.025913063,40,41
E34000697,0.162799263,0.08305709,0.027992634,40.6,41
E34000710,0.234927235,0.124173124,0.038556039,44.2,45.5
E34000712,0.282432119,0.140867951,0.046298445,47.2,50
E34000732,0.213159192,0.111508132,0.038935436,43.7,46
E34000741,0.241350068,0.085651289,0.018995929,45.4,49
E34000755,0.228262502,0.117685338,0.036592081,42.6,44
E34000762,0.219065732,0.102935932,0.027695234,43.7,46
E34000766,0.232737065,0.120984805,0.043662243,44.8,47
E34000768,0.225914274,0.09437672,0.030279198,45.4,49
E34000776,0.372675764,0.157609129,0.04006065,51.8,59
E34000786,0.194508933,0.090844857,0.030887251,41.9,43
E34000792,0.188178694,0.091546392,0.025429553,42,43
E34000796,0.406078447,0.23645477,0.081152041,53.5,59
E34000815,0.212459909,0.11828166,0.036932647,43.3,43
E34000830,0.182324738,0.084877543,0.020603862,41.5,44
E34000839,0.072206378,0.027482499,0.004537205,32.8,33
E34000843,0.148010789,0.06945381,0.022420769,39,40
E34000850,0.146858029,0.070830101,0.019472459,38.9,39
E34000852,0.199589776,0.10066267,0.030924582,42.8,44
E34000857,0.138807805,0.066907359,0.02173913,38.8,40
E34000867,0.159733356,0.072314573,0.023120412,40,42
E34000879,0.280246317,0.126539483,0.02777107,46.7,49
E34000884,0.208121827,0.104142787,0.029965613,43.3,45
E34000885,0.172193878,0.077933673,0.020280612,40.2,41
E34000891,0.205553309,0.090780429,0.025879499,42.5,43
E34000922,0.208115494,0.10295865,0.028754753,42.5,43
E34000926,0.300224782,0.162124192,0.058021916,47.2,49
E34000935,0.204479929,0.097139055,0.029163894,41.9,43
E34000969,0.208179012,0.102623457,0.029166667,43.5,45
E34000970,0.176627332,0.090978302,0.026836696,39.8,40
E34000980,0.224725944,0.11047503,0.03410475,42.9,43
E34000991,0.166750345,0.077821012,0.018702146,39.4,40
E34000994,0.208754209,0.108963195,0.034831069,42.2,42
E34001024,0.195022509,0.08663892,0.025566975,41,41
E34001039,0.191949027,0.089624035,0.027005359,41.4,42
E34001050,0.166793458,0.062761506,0.011981742,40.7,42
E34001052,0.213435223,0.104673894,0.033410343,43.3,45
E34001064,0.232936791,0.111452223,0.032454361,44.5,47
E34001066,0.255734794,0.120911647,0.036702679,45.4,48
E34001067,0.27811174,0.138702263,0.044466054,46.7,49
E34001068,0.251278167,0.109022912,0.028403711,45.2,47
E34001070,0.19165557,0.090901021,0.025832224,42.9,45
E34001073,0.114346413,0.041489628,0.007873032,35.1,35
E34001102,0.146434838,0.062051364,0.015632477,38.3,39
E34001108,0.221984678,0.102797078,0.029574203,43.3,45
E34001117,0.172608258,0.070140987,0.018126888,40.4,41
E34001119,0.149047833,0.067026541,0.021592443,39.2,40
E34001126,0.190225884,0.081545674,0.021878108,41.9,45
E34001129,0.245323883,0.111242371,0.032880488,45.2,47
E34001202,0.161072883,0.079904508,0.028085943,39.2,39
E34001214,0.212584196,0.101363562,0.033678331,42.7,44
E34001232,0.240874656,0.127582645,0.042527548,43.4,44
E34001233,0.191024987,0.087608363,0.024987251,42,43
E34001247,0.169540562,0.075569957,0.025460016,41,42
E34001263,0.176717621,0.086930959,0.030404838,40.3,41
E34001267,0.172600868,0.080212185,0.02399132,40.1,40
E34001322,0.274296991,0.137148495,0.036507153,46.9,50
E34001339,0.154732194,0.06296794,0.016317911,38.9,39
E34001373,0.224409449,0.108496612,0.034517488,42.7,43
E34001392,0.176121617,0.061920653,0.018724509,40.4,41
E34001398,0.211717013,0.106708513,0.034784883,41.8,42
E34001401,0.182037037,0.088703704,0.024074074,41.8,44
E34001416,0.196274975,0.100169319,0.030680664,41.7,42
E34001422,0.218350755,0.109368951,0.033681765,43.3,44
E34001430,0.212167757,0.115667156,0.039935889,42.5,43
E34001434,0.206955357,0.101528717,0.030147999,42.2,43
E34001445,0.167365378,0.076617275,0.021467293,40.2,41
E34001461,0.165521978,0.083398744,0.024430926,39.7,38
E34001475,0.230620155,0.110465116,0.028473465,43.5,45
E34001481,0.267246299,0.134042767,0.035449327,46.4,49
E34001491,0.130256324,0.059892779,0.015664265,35.5,33
E34001493,0.223853211,0.109633028,0.034556575,43.7,45
E34001504,0.199881942,0.100213413,0.02778913,42,43
E34001518,0.267110519,0.138082557,0.043408788,46,48
E34001520,0.247826858,0.106616995,0.025900302,44.8,47
E34001537,0.208883553,0.098439376,0.027611044,42.4,43
E34001545,0.213658804,0.111354909,0.034741269,42,42
E34001604,0.182838374,0.082865745,0.026070891,40.2,40
E34001609,0.288619256,0.134366925,0.035613976,47.2,50
E34001645,0.189880425,0.09289194,0.025963242,41,42
E34001686,0.157850895,0.068304873,0.016937387,39.3,40
E34001696,0.146864044,0.064666926,0.014413713,38.5,39
E34001704,0.16352,0.074944,0.024064,40,41
E34001711,0.133146572,0.066361858,0.017680639,38,39
E34001715,0.225271048,0.113862491,0.036318208,43.9,46
E34001733,0.189607843,0.090980392,0.03254902,41.9,43
E34001739,0.200878156,0.085620198,0.023365219,43.2,45
E34001750,0.187265397,0.090504657,0.023495065,41,42
E34001759,0.270208807,0.124767418,0.033801943,46.5,50
E34001766,0.207329445,0.096626934,0.029926452,43.6,45
E34001807,0.24864614,0.109237196,0.030326474,45.2,47
E34001850,0.121531346,0.058838643,0.02065776,36.4,36
E34001881,0.197761846,0.09407239,0.031299178,41.8,42
E34001895,0.292346802,0.140353225,0.041878512,48.5,52
E34001896,0.157568147,0.076013888,0.018763389,38.9,39
E34001940,0.237989104,0.111688955,0.037270926,44.5,46
E34001958,0.178764143,0.077806789,0.019181897,41,42
E34001962,0.16761314,0.08393762,0.026712389,39.4,39
E34001966,0.235966584,0.107137623,0.027846988,43.9,45
E34001982,0.129596679,0.059707394,0.016211941,37.1,37
E34001993,0.181511897,0.083175405,0.023057486,41,41
E34002010,0.251687177,0.133187773,0.040095276,45.2,47
E34002041,0.192013792,0.092815208,0.028422328,41.8,43
E34002053,0.199387746,0.09602485,0.030162517,41.2,41
E34002054,0.163600251,0.069098892,0.019443864,40.4,41
E34002061,0.217422008,0.105470859,0.028455116,42.2,43
E34002074,0.162671737,0.074345858,0.018827499,39.7,40
E34002085,0.269016932,0.140763204,0.039550164,45.1,46
E34002105,0.220252301,0.115410842,0.039549949,43.8,47
E34002125,0.183230306,0.096211761,0.03106673,41.1,42
E34002141,0.171518898,0.082381473,0.02410056,39.8,40
E34002160,0.274778684,0.149626801,0.051900712,45.6,46
E34002161,0.279929577,0.141627543,0.041862285,48.4,52
E34002164,0.114012885,0.053037276,0.009433962,37.3,39
E34002172,0.127025517,0.049543677,0.012106538,36.6,34
E34002176,0.168739136,0.06551678,0.010830325,40.2,41
E34002180,0.196096884,0.100203081,0.031849027,42,42
E34002182,0.182889898,0.078087822,0.018494484,40.8,42
E34002191,0.186423207,0.085407157,0.017964954,42,44
E34002199,0.243612181,0.103371835,0.028701435,45.7,48
E34002202,0.166222391,0.073115004,0.022467631,40.3,42
E34002212,0.206020067,0.089297659,0.025752508,42.1,44
E34002254,0.220636994,0.109313775,0.031749221,43.1,44
E34002257,0.120524711,0.056147387,0.016877637,36.2,35
E34002285,0.184933395,0.091042719,0.024621038,40,40
E34002367,0.287514439,0.164548987,0.058489972,45.1,46
E34002384,0.201466127,0.098078868,0.028311426,43.2,44
E34002432,0.181365898,0.080054274,0.025026383,40.6,42
E34002433,0.248825372,0.135865309,0.050117463,44.3,45
E34002446,0.255421057,0.136898023,0.044761822,45,46
E34002470,0.145223464,0.071424581,0.021117318,38.5,39
E34002474,0.217591772,0.117042029,0.038038659,42.2,42
E34002475,0.205945629,0.098963427,0.028945824,42.1,43
E34002505,0.300269236,0.152472722,0.045203344,48.4,52
E34002511,0.16606589,0.080224663,0.024561992,40.1,41
E34002512,0.21838742,0.102656222,0.02774015,43.8,46
E34002528,0.181874325,0.093253049,0.029952138,41.5,43
E34002529,0.259068312,0.126680169,0.0379304,45.4,47
E34002540,0.101937795,0.042664061,0.011398795,36.5,36
E34002554,0.172804061,0.072774934,0.019514834,40.1,41
E34002562,0.18034188,0.099671269,0.035502959,41.1,42
E34002605,0.224698658,0.114851035,0.033735122,43.2,44
E34002608,0.157053637,0.062454078,0.016164585,40,42
E34002609,0.147906471,0.070811431,0.021509274,38.7,39
E34002624,0.196235409,0.098881623,0.032817943,41.1,41
E34002637,0.325308057,0.164265403,0.051374408,49,53
E34002653,0.199749642,0.093526466,0.032635908,42.3,44
E34002678,0.249244713,0.128566633,0.049345418,45.5,46
E34002686,0.272088353,0.131191432,0.044344043,47.3,51
E34002689,0.170736404,0.079918348,0.017986443,40.1,42
E34002694,0.206246037,0.092105263,0.023145212,41.9,43
E34002712,0.330627871,0.156355283,0.039356815,49,53
E34002717,0.174873221,0.067724522,0.017503681,40.3,41
E34002727,0.121418338,0.056948424,0.01737106,37.9,38
E34002729,0.12070747,0.054883608,0.017139731,38.7,39
E34002730,0.179134955,0.077222944,0.022090217,41.3,43
E34002733,0.190437084,0.085378836,0.024181038,41.4,42
E34002746,0.184041934,0.087070472,0.019947583,41.8,43
E34002766,0.203690198,0.089191949,0.022462077,42.5,44
E34002796,0.133638544,0.054937868,0.014824504,37.9,38
E34002801,0.176257753,0.072794624,0.017229497,40.5,42
E34002816,0.206914919,0.102755315,0.033557697,41.4,41
E34002820,0.181036045,0.088196333,0.027734784,40.6,41
E34002826,0.182072394,0.093211123,0.027031226,40.5,42
E34002854,0.190016482,0.085001177,0.026136096,41.4,42
E34002872,0.20584185,0.105022831,0.029499166,41.7,43
E34002877,0.185669317,0.093741664,0.030251294,40.7,40
E34002878,0.209457411,0.102606851,0.032585632,43,45
E34002906,0.197050226,0.095136859,0.030826468,41.5,42
E34002917,0.237724551,0.121257485,0.033832335,43.5,45
E34002927,0.19392379,0.101750772,0.029248198,41.2,42
E34002963,0.028558971,0.011336385,0.002725093,26.5,25
E34002971,0.174681754,0.085572843,0.019448373,40.2,40
E34002993,0.18389662,0.084402675,0.022049521,41.1,42
E34003008,0.285904255,0.144614362,0.046542553,47.7,51
E34003021,0.258183944,0.127045986,0.035268901,45.5,48
E34003024,0.215414326,0.101299157,0.029494382,43.3,45
E34003029,0.231506937,0.123841187,0.03823285,43.5,44
E34003071,0.17656547,0.084279048,0.022351518,40.6,41
E34003078,0.181576365,0.082481195,0.023699989,40.9,42
E34003082,0.23234741,0.108052659,0.026842195,44.4,46
E34003098,0.191040843,0.092621871,0.025296443,42.2,43
E34003102,0.186638182,0.085841911,0.023888134,40.7,41
E34003104,0.287545678,0.133529024,0.04277242,47.3,51
E34003109,0.182247403,0.084446243,0.024011871,40.2,40
E34003112,0.195405239,0.09537454,0.029164961,40.4,40
E34003124,0.229615082,0.123095051,0.038256088,43.2,44
E34003129,0.303454956,0.150080723,0.045334194,48.5,52
E34003154,0.18836387,0.085663774,0.019607843,41.4,43
E34003165,0.3149628,0.174979333,0.057316065,47.8,50
E34003168,0.250959151,0.138117806,0.047054841,44.6,45
E34003174,0.20098475,0.104356151,0.03179922,42.3,43
E34003178,0.246912231,0.120887529,0.040113674,45.3,48
E34003196,0.182911944,0.088927637,0.028770706,39.7,41
E34003205,0.147964549,0.070001502,0.021030494,39.8,41
E34003206,0.254303376,0.128388017,0.038421303,44.6,46
E34003218,0.175336765,0.074252546,0.020917753,40.1,41
E34003222,0.173556108,0.086084292,0.026189513,40.8,42
E34003241,0.141330576,0.066184074,0.01895898,36.6,34
E34003243,0.200308642,0.098919753,0.029166667,42,43
E34003244,0.246510846,0.124516563,0.037750126,45.9,49
E34003253,0.220535958,0.120864096,0.045255674,43,43
E34003258,0.239711332,0.13302126,0.045055588,43.6,44
E34003294,0.150341554,0.069642237,0.018756513,38.3,39
E34003297,0.064619922,0.020914332,0.003753854,31.7,35
E34003299,0.177618248,0.093672205,0.031436346,40.2,42
E34003308,0.254110182,0.130660513,0.041534468,44.2,45
E34003332,0.214550207,0.091156611,0.023524287,43.5,45
E34003343,0.222670757,0.110877873,0.034662791,43.3,44
E34003347,0.228983918,0.113486842,0.035453216,44.1,45
E34003354,0.145880595,0.066454936,0.018842243,39,39
E34003376,0.115548098,0.050559284,0.015771812,37.7,39
E34003389,0.206433896,0.102000785,0.027775598,42.7,44
E34003397,0.217605249,0.106178239,0.030399125,42.2,42
E34003412,0.182788413,0.095544638,0.035066915,40.8,41
E34003418,0.203853592,0.10708402,0.037031731,42,42
E34003424,0.177192635,0.0795882,0.025737478,40.9,42
E34003425,0.199666784,0.086197825,0.025429674,42.3,43
E34003440,0.133320581,0.061208875,0.025057383,38.8,41
E34003456,0.211882488,0.113737075,0.028229115,42.6,44
E34003462,0.21187744,0.101423558,0.025750227,41.8,43
E34003463,0.190657578,0.095328789,0.027064956,41.4,42
E34003490,0.307135096,0.143245201,0.041470482,49.8,55
E34003491,0.181244947,0.08916734,0.028132579,41.1,42
E34003494,0.254584028,0.137141991,0.050310653,45.2,46
E34003511,0.164583333,0.083564815,0.025661376,39.2,40
E34003514,0.323857503,0.176142497,0.054875855,48.7,51
E34003517,0.205422315,0.106265997,0.034884823,41.8,42
E34003525,0.167587667,0.079378196,0.024092341,39.7,40
E34003541,0.186102951,0.091582578,0.029761144,41.5,43
E34003553,0.185787625,0.091704945,0.027289922,40.7,41
E34003561,0.221240335,0.103045605,0.029035821,42.9,45
E34003562,0.155116697,0.067863555,0.018850987,37.9,38
E34003565,0.322030614,0.161402829,0.044371246,48.7,52
E34003566,0.24892633,0.132144037,0.047737033,44.8,47
E34003574,0.176727642,0.084247967,0.021747967,40.7,41
E34003596,0.168309267,0.083276033,0.02452441,39.9,40
E34003597,0.180674383,0.078761953,0.021389029,39.8,40
E34003606,0.260691647,0.13784803,0.044531814,44.7,46
E34003628,0.388684179,0.214311185,0.075121835,53.1,59
E34003657,0.174758701,0.072243346,0.013454226,40.7,42
E34003678,0.180081451,0.081821548,0.023176601,41.4,42
E34003679,0.279298884,0.141786025,0.044729762,45.4,47
E34003687,0.227276167,0.110724287,0.033224854,44.6,47
E34003688,0.174679487,0.077323718,0.017427885,40.7,43
E34003707,0.190760415,0.099558314,0.032350483,41.2,42
E34003710,0.16641047,0.085292021,0.028613876,39.5,38
E34003723,0.202994881,0.093093437,0.027733211,42.7,44
E34003741,0.170415094,0.063245283,0.015396226,40,41
E34003742,0.177758768,0.090333618,0.030624465,41.4,42
E34003743,0.19733721,0.089142245,0.025862729,42,43
E34003749,0.207852564,0.091987179,0.022115385,43.2,45
E34003750,0.183326696,0.089472986,0.02442586,40.9,41
E34003756,0.176348081,0.08122256,0.02138917,41.4,43
E34003761,0.247484175,0.127576692,0.039360493,45,47
E34003769,0.187941515,0.095011226,0.031652155,41.3,42
E34003774,0.184981012,0.092980522,0.023153252,40.8,42
E34003793,0.238512746,0.11105699,0.032148076,43.5,46
E34003804,0.233802443,0.106943707,0.028279341,44.9,47
E34003809,0.149687385,0.066568591,0.020522251,39.7,41
E34003851,0.174865394,0.08639256,0.026676456,40.6,41
E34003862,0.198220827,0.086656201,0.024594453,41.7,42
E34003864,0.20313535,0.099212483,0.027673511,41.8,43
E34003866,0.177773675,0.075318442,0.024183127,39.3,38
E34003892,0.187909546,0.083001413,0.021970962,42,44
E34003904,0.207871372,0.111444852,0.035602279,42.4,43
E34003922,0.195822454,0.089588773,0.028720627,41.8,43
E34003928,0.224026283,0.119369584,0.043614894,44,45
E34003940,0.195465686,0.08471201,0.02466299,41.6,42
E34003989,0.204235212,0.098354918,0.032026601,41.4,42
E34004012,0.272165585,0.137472969,0.043404387,46.4,48
E34004090,0.235912052,0.115635179,0.036074919,44,46
E34004099,0.233444701,0.113509809,0.030926069,43.9,45
E34004122,0.226765799,0.113273562,0.037393396,44.6,46
E34004125,0.187190012,0.094236361,0.028818197,41.4,42
E34004134,0.150874397,0.07062597,0.01961265,38.2,38
E34004138,0.179109202,0.08808501,0.026362198,40.6,41
E34004141,0.17327182,0.07842989,0.018832249,40,40
E34004142,0.208834356,0.103312883,0.029079755,41.6,42
E34004143,0.141948214,0.063383401,0.01687271,37.1,36
E34004149,0.187382434,0.091448416,0.029662856,40.6,41
E34004151,0.178454738,0.079185086,0.018931386,40.6,41
E34004153,0.283112318,0.152420514,0.049262395,47.2,50
E34004154,0.263176019,0.135712609,0.043891367,45.2,46
E34004155,0.200069914,0.083546959,0.021323701,42.6,45
E34004157,0.160809936,0.073989052,0.023838955,38.9,39
E34004162,0.149660989,0.071440384,0.022490491,39,40
E34004169,0.22759283,0.113316261,0.043854033,43.8,45
E34004170,0.133819145,0.067019985,0.019432483,39.1,40
E34004175,0.217929668,0.109088658,0.033927687,43.9,46
E34004181,0.175230392,0.080996265,0.021945236,41.1,42
E34004185,0.18280859,0.079024187,0.020746455,42,43
E34004187,0.256955412,0.147855668,0.052727494,45.5,47
E34004190,0.176283914,0.088723014,0.021230948,40.5,41
E34004191,0.22462241,0.117053038,0.039339656,44,46
E34004192,0.162321667,0.078647611,0.022343924,38.8,38
E34004193,0.179399582,0.085066405,0.026561899,41.6,42
E34004196,0.171392565,0.089981096,0.028733459,39,38
E34004197,0.230587651,0.100385141,0.02571748,44.2,46
E34004204,0.220806634,0.111496419,0.034225405,43.4,45
E34004210,0.211031261,0.108084801,0.035285663,42.9,43
E34004213,0.226852195,0.108726223,0.024720598,43.9,46
E34004217,0.165986617,0.080920516,0.022914967,40,41
E34004218,0.203938204,0.103551982,0.030327973,41.5,41
E34004222,0.148057525,0.068011585,0.018076501,39.4,40
E34004224,0.236221591,0.1203125,0.039204545,44.1,46
E34004225,0.217103504,0.101765178,0.032361594,44,46
E34004228,0.145003757,0.077385424,0.025294265,38.5,38
E34004229,0.24210234,0.129000903,0.039158509,45.5,48
E34004233,0.266988533,0.141822571,0.04019312,45.4,47
E34004240,0.200888788,0.096855059,0.028486782,41.7,43
E34004242,0.172433679,0.077133795,0.021337947,40.8,42
E34004246,0.178108242,0.09428365,0.030198152,40.6,41
E34004251,0.153339861,0.067202156,0.018282806,39.1,39
E34004252,0.205172686,0.09998423,0.030121432,43.1,44
E34004256,0.146270531,0.061601507,0.016160481,38.1,39
E34004262,0.132907543,0.064804417,0.014715516,37.6,37
E34004263,0.224383917,0.110390546,0.032137196,43.7,45
E34004266,0.160138357,0.071234926,0.024118912,39.4,39
E34004267,0.202671345,0.0902145,0.023487464,42.3,43
E34004270,0.18761302,0.080922242,0.018987342,40.8,42
E34004274,0.155173006,0.076693124,0.022849878,38.9,38
E34004277,0.191079355,0.096135109,0.026090722,41.2,42
E34004278,0.185233749,0.089767512,0.027585859,40.7,41
E34004281,0.18833748,0.091047968,0.027148531,40.8,41
E34004282,0.304859384,0.159938779,0.053663669,48.5,52
E34004292,0.17216661,0.084195792,0.024219545,40.2,40
E34004293,0.201440922,0.085721771,0.022164003,42.3,44
E34004294,0.229970084,0.118520533,0.040195812,43.6,45
E34004302,0.038724652,0.016613731,0.005252871,28.6,30
E34004306,0.193952802,0.104049343,0.035085367,41.3,41
E34004315,0.221692861,0.104884065,0.031221369,42.6,43
E34004321,0.2420138,0.11627907,0.033989267,44.5,46
E34004322,0.252346546,0.142615977,0.051792829,45.1,47
E34004327,0.262783406,0.115894838,0.031033928,45.7,48
E34004328,0.187401076,0.0889522,0.028964862,40.6,41
E34004329,0.232129477,0.105050202,0.022628503,44.3,47
E34004334,0.167491517,0.0842506,0.023868245,39.5,39
E34004335,0.276565648,0.128809636,0.029919842,46.3,49
E34004336,0.200155763,0.087449933,0.026424121,42.5,44
E34004337,0.228989977,0.106784888,0.030069391,44.2,46
E34004338,0.255267911,0.125727473,0.042745334,46.2,49
E34004340,0.207748591,0.103154612,0.028427492,42.7,44
E34004343,0.174791958,0.082738051,0.024891376,40.4,41
E34004346,0.042866825,0.019654354,0.007878685,27,24
E34004349,0.178855059,0.0899449,0.023436894,40,41
E34004354,0.263934711,0.115645077,0.028303525,47,50
E34004358,0.176901496,0.072007481,0.019014963,41.4,43
E34004367,0.198562444,0.081375947,0.020023104,42.8,45
E34004383,0.183115627,0.089816159,0.025689405,40.2,39
E34004388,0.210219828,0.100839521,0.031688261,42.9,45
E34004389,0.167617643,0.079795197,0.023539366,39.1,38
E34004392,0.179937952,0.091594032,0.030787413,40.6,40
E34004393,0.154617696,0.076388216,0.022579707,38.5,38
E34004397,0.172920065,0.080846368,0.022694559,39.6,40
E34004398,0.163178211,0.079838884,0.024479129,39.3,39
E34004399,0.160424429,0.076885912,0.022689474,39,38
E34004403,0.165696018,0.086957439,0.02826486,38.9,37
E34004408,0.211031758,0.103434873,0.03232441,42.3,43
E34004409,0.201680048,0.108757062,0.03322926,41.7,43
E34004415,0.141286527,0.066158742,0.01909538,38.5,39
E34004421,0.189685688,0.090997864,0.029966433,41.7,42
E34004422,0.152782047,0.066707654,0.01905933,39,39
E34004426,0.166614826,0.069466045,0.017522032,40.3,41
E34004435,0.225436758,0.113766597,0.031446541,42.9,44
E34004441,0.249509483,0.142086331,0.051504251,45.3,47
E34004442,0.153402771,0.069319446,0.021539084,39.3,39
E34004453,0.115240767,0.052127162,0.012622721,35.2,32
E34004458,0.207672446,0.100885282,0.029509406,42.7,45
E34004462,0.213171577,0.102519664,0.035995201,42.8,45
E34004471,0.191358806,0.094319332,0.029225709,40.9,41
E34004474,0.332401714,0.161729085,0.0437861,49.5,54
E34004479,0.178023454,0.081314253,0.022885778,40.3,41
E34004483,0.201086335,0.101315037,0.032761578,41.5,42
E34004484,0.283104026,0.150687923,0.050302104,47.2,50
E34004485,0.170006179,0.087827699,0.027981287,40.3,41
E34004487,0.154148791,0.069812703,0.018876216,37.9,32
E34004546,0.227690289,0.106463255,0.024770341,43.4,45
E35000002,0.177946214,0.083753675,0.022900763,40.2,41
E35000003,0.185251216,0.081703584,0.0241311,41,41
E35000004,0.156384629,0.070365903,0.019041875,38.5,38
E35000006,0.1639331,0.079282439,0.020205018,40.1,40
E35000012,0.133669743,0.064463336,0.018972284,37.3,36
E35000013,0.134525947,0.066348438,0.017309258,37.3,37
E35000015,0.175749776,0.074474038,0.020199194,41.3,43
E35000021,0.177047821,0.078089008,0.022942965,41.7,44
E35000027,0.180337405,0.079988365,0.019633508,41.3,43
E35000032,0.145005785,0.065561126,0.015426147,37.2,37
E35000033,0.167102597,0.078946399,0.020372076,39.3,40
E35000035,0.169373062,0.083241368,0.022859845,39,39
E35000036,0.146657081,0.062688713,0.014521927,38.6,39
E35000037,0.145340117,0.06517072,0.018939505,38,38
E35000042,0.146444497,0.064890871,0.022060549,38.7,39
E35000043,0.201866405,0.100687623,0.025458415,41.7,43
E35000044,0.181685595,0.0881052,0.024793784,41.2,42
E35000050,0.23982463,0.116280592,0.033896087,45.3,48
E35000051,0.153780726,0.076949248,0.022932328,38.3,35
E35000052,0.167571539,0.064334408,0.017267421,39.8,41
E35000056,0.232263179,0.125247721,0.038842648,43.2,45
E35000057,0.186951999,0.088943379,0.024743647,40.7,41
E35000064,0.19489887,0.08335812,0.02230815,43.2,45
E35000067,0.210014649,0.089492609,0.023838061,43.5,45
E35000069,0.224280965,0.102779302,0.022595952,42.9,44
E35000070,0.138289075,0.060277497,0.018928604,38.3,39
E35000071,0.19455048,0.098854811,0.028563907,41,41
E35000072,0.215363239,0.088328702,0.026002382,44,46
E35000079,0.203750859,0.103512388,0.032294572,41,41
E35000083,0.1674978,0.082233304,0.025129559,39.7,41
E35000084,0.362452298,0.203915713,0.06387921,50.3,55
E35000088,0.222903885,0.110565781,0.026857532,43.6,45
E35000092,0.184908558,0.08208851,0.019195868,40.8,42
E35000101,0.13956986,0.063618589,0.017295834,38.1,39
E35000104,0.15851907,0.080483004,0.024309804,39.5,39
E35000106,0.316264211,0.153528141,0.045663817,49.3,53
E35000108,0.132284651,0.060060891,0.01794446,37.5,37
E35000114,0.171400778,0.098638132,0.033657588,40.2,40
E35000115,0.188366567,0.095852507,0.029534723,40.7,41
E35000120,0.16275599,0.07113838,0.020617417,39.1,39
E35000121,0.181856187,0.091137124,0.025250836,41.1,42
E35000125,0.160301982,0.075778547,0.022050959,39.3,39
E35000131,0.12305901,0.054892646,0.014326301,36.9,36
E35000135,0.175705658,0.081967213,0.018612104,40.3,41
E35000136,0.161707367,0.075312949,0.023804638,40.1,41
E35000137,0.236840716,0.113035215,0.030726994,44,45
E35000138,0.188746439,0.096296296,0.029487179,41.5,41
E35000141,0.202656781,0.108588199,0.03544949,42.1,44
E35000142,0.171060227,0.063498172,0.017510102,41.8,43
E35000146,0.197583598,0.092628753,0.020624847,42.6,44
E35000148,0.215661657,0.11644978,0.040377566,42.7,43
E35000153,0.250618429,0.132807669,0.044217687,45.7,47
E35000157,0.18293175,0.087157021,0.024296749,40.4,41
E35000158,0.17820324,0.115812023,0.027312893,39.6,38
E35000159,0.188597337,0.085664673,0.019679722,40.5,41
E35000166,0.180411654,0.069883875,0.017071136,40.9,42
E35000170,0.199440796,0.091240009,0.021761494,41.6,43
E35000173,0.145244811,0.073368551,0.022108311,38.2,37
E35000175,0.154459159,0.067385445,0.018164772,38.6,39
E35000181,0.150350913,0.072943544,0.02247394,38.6,38
E35000183,0.2472665,0.128112238,0.040245027,44.6,46
E35000191,0.119771229,0.054333148,0.015060767,34.8,33
E35000193,0.165338957,0.07763199,0.020774758,40.2,41
E35000194,0.141677619,0.065379301,0.01910828,38.7,38
E35000198,0.142016379,0.063970736,0.017684841,37.8,37
E35000202,0.170140205,0.074838954,0.017809776,40.6,41
E35000203,0.189370644,0.087587126,0.022652727,41,41
E35000207,0.138120292,0.061177046,0.016657636,37.9,37
E35000218,0.160581765,0.074443414,0.020043732,39.1,39
E35000219,0.17281969,0.078830034,0.020866774,42,44
E35000220,0.275397797,0.140894873,0.045151639,46.2,47
E35000224,0.210534469,0.101316809,0.026646011,42.3,43
E35000225,0.134646011,0.068807007,0.018314753,36.5,35
E35000229,0.294706796,0.164104362,0.057939807,47,49
E35000230,0.131071576,0.064956558,0.019197352,35.9,34
E35000236,0.215811812,0.11229408,0.037982879,43.1,45
E35000243,0.165455274,0.080943933,0.024971861,39.7,40
E35000246,0.253895358,0.097917008,0.025422339,46.1,49
E35000247,0.153640547,0.071897415,0.019285424,37.3,36
E35000248,0.276166123,0.155806366,0.052729036,46.7,49
E35000251,0.174331622,0.09259915,0.030408994,38.9,37
E35000252,0.201627257,0.114162217,0.041317061,42.7,44
E35000254,0.18545544,0.084938919,0.021426034,40.6,41
E35000255,0.235121526,0.116529876,0.031204155,43.9,45
E35000257,0.155571163,0.065619826,0.016204284,37.7,37
E35000258,0.177303576,0.077460193,0.021991647,40.2,40
E35000260,0.122925555,0.063765781,0.021680453,37.1,35
E35000262,0.217751621,0.100888782,0.023901033,43.6,45
E35000267,0.166821406,0.072158057,0.019422884,40,41
E35000268,0.1797862,0.079133694,0.022212967,41.1,43
E35000277,0.153378944,0.075491017,0.018221167,39.1,39
E35000278,0.174394764,0.08031701,0.020384828,39.9,40
E35000279,0.12339595,0.054842645,0.015223225,37.8,38
E35000280,0.221505196,0.113643983,0.038426081,42.9,44
E35000281,0.169551325,0.067301291,0.017241379,40.6,42
E35000284,0.152256894,0.072437294,0.020622583,37.4,36
E35000289,0.180092593,0.079814815,0.021018519,40.5,41
E35000294,0.18814509,0.08301386,0.017841345,41.7,43
E35000295,0.168062415,0.078877675,0.02082886,39.8,40
E35000297,0.180535018,0.090738002,0.029439441,40.5,41
E35000298,0.207248152,0.101173774,0.020590444,41.5,42
E35000300,0.140690979,0.064107486,0.020537428,37,34
E35000312,0.12251899,0.056930491,0.015845789,35.7,34
E35000316,0.121681459,0.058978111,0.017663593,35.6,31
E35000317,0.146436109,0.068940477,0.01978805,37.6,37
E35000322,0.173105237,0.078735189,0.023417233,40.3,42
E35000326,0.170168256,0.085353098,0.026896985,40.1,41
E35000334,0.220124523,0.102430207,0.036151838,42.8,44
E35000338,0.211839787,0.107777302,0.027718245,42.4,44
E35000339,0.164862121,0.079301303,0.022246659,38.2,38
E35000343,0.273831208,0.13372799,0.044930176,46.5,49
E35000347,0.207752979,0.102533982,0.032387985,43.2,45
E35000348,0.20744956,0.107346094,0.032979824,42.5,44
E35000354,0.18132545,0.075634393,0.022665681,41.8,43
E35000355,0.173504696,0.080243862,0.019937387,40.8,43
E35000357,0.213873743,0.091671424,0.022755458,42.5,43
E35000358,0.170906462,0.079734438,0.025701702,40.6,42
E35000359,0.268982536,0.149582384,0.048690205,45.9,48
E35000360,0.194359693,0.082048322,0.021357302,41.6,43
E35000362,0.155116851,0.073536502,0.021137304,38.6,39
E35000363,0.130558293,0.067656096,0.023798481,37.2,36
E35000364,0.176226154,0.089151923,0.026317446,40.3,40
E35000368,0.181344955,0.077537679,0.018824526,41.2,42
E35000378,0.220654517,0.110523222,0.035273369,43.2,44
E35000380,0.119696504,0.059530401,0.016774326,34.3,32
E35000381,0.169211307,0.073525563,0.020567964,39.7,40
E35000382,0.195533697,0.103083876,0.02592051,41.9,42
E35000386,0.161022672,0.080752533,0.023830198,39.5,40
E35000387,0.181621214,0.080212896,0.022043239,41.6,43
E35000388,0.176590934,0.076020243,0.019651125,40.9,42
E35000390,0.17784411,0.090084137,0.029120407,40.2,40
E35000397,0.140534521,0.058256443,0.014094814,37.9,38
E35000398,0.164736912,0.079772411,0.022095415,39.7,40
E35000402,0.216181984,0.103607255,0.031310163,42.3,43
E35000403,0.178475487,0.076729349,0.021826729,41,42
E35000404,0.195550269,0.097320367,0.03158889,42.4,43
E35000405,0.179035534,0.089570862,0.024981085,40.9,42
E35000414,0.178826683,0.083829661,0.026280524,40.7,41
E35000417,0.204552509,0.090325918,0.024159338,42.7,44
E35000418,0.174268124,0.073752984,0.020982535,40.3,40
E35000419,0.171853741,0.089167676,0.026906718,39.4,37
E35000422,0.152542373,0.068415192,0.021650377,39.2,40
E35000424,0.188111789,0.091644205,0.028089091,41.2,42
E35000427,0.202044298,0.096669721,0.027820784,41.8,43
E35000429,0.132263948,0.054339716,0.014507171,38.7,40
E35000431,0.250551689,0.130835172,0.046002377,45,47
E35000436,0.148524415,0.056858304,0.016188129,38.8,40
E35000438,0.136836886,0.05618906,0.018013551,37.8,39
E35000439,0.179771533,0.084716084,0.020470274,41.2,42
E35000440,0.203336678,0.097152534,0.027157551,43.3,45
E35000441,0.148303661,0.069365133,0.018474975,38.7,39
E35000442,0.171107028,0.073954984,0.01982851,40.8,42
E35000444,0.266737837,0.134970261,0.043159982,46.2,48
E35000450,0.155074406,0.067473889,0.017700342,39,39
E35000453,0.204256802,0.102619327,0.027935261,41.6,41
E35000455,0.123255027,0.052961246,0.013569122,36.6,36
E35000458,0.156009374,0.069108996,0.020565307,39.3,40
E35000462,0.191219254,0.096799788,0.028652032,40.8,40
E35000465,0.217003219,0.105648229,0.024290313,42.5,44
E35000467,0.141393519,0.065741119,0.021047552,37,36
E35000470,0.180408163,0.082040816,0.020918367,41.5,43
E35000473,0.243333333,0.120218069,0.038286604,44.6,46
E35000475,0.160027473,0.070655907,0.019316621,40.2,41
E35000476,0.190040423,0.089825406,0.024769932,41.3,42
E35000477,0.23256538,0.108779577,0.029452055,44.6,47
E35000481,0.174097589,0.083963476,0.022114424,40.4,41
E35000483,0.210182085,0.104490208,0.02878503,42.7,44
E35000485,0.204644965,0.103179136,0.029887683,43.3,45
E35000486,0.09692489,0.045821211,0.01235252,33.4,30
E35000487,0.150969529,0.071175746,0.019390582,39.4,40
E35000490,0.105949155,0.044005678,0.010323913,35.6,38
E35000491,0.178381315,0.081368821,0.023139598,40.9,41
E35000498,0.160715162,0.07480257,0.022109678,39.1,39
E35000499,0.133442444,0.063720676,0.017675941,37.8,37
E35000502,0.10706017,0.05918514,0.018921149,33.5,27
E35000507,0.257449089,0.128531618,0.042829582,45.3,47
E35000508,0.250326188,0.127679404,0.032432432,45.1,47
E35000510,0.178233228,0.088560886,0.025919175,41.2,42
E35000513,0.17248089,0.065323141,0.013064628,39.9,41
E35000514,0.184717449,0.090680201,0.026876349,41.9,44
E35000516,0.238709134,0.117964274,0.036821705,43.8,45
E35000523,0.182294178,0.092524974,0.028522218,41.3,42
E35000528,0.179942187,0.086759274,0.024088646,41.1,42
E35000529,0.171162791,0.075069767,0.017023256,39.8,40
E35000538,0.157255711,0.074308285,0.016869674,38.7,39
E35000549,0.152661963,0.065186017,0.016436818,38.9,40
E35000550,0.157458043,0.054120309,0.010748633,40.7,43
E35000551,0.320345362,0.177662165,0.063648439,48.9,51
E35000553,0.156764383,0.075717197,0.023044364,40.7,42
E35000562,0.192502588,0.072086307,0.017381355,42.1,44
E35000563,0.121493829,0.047764065,0.011219747,37.2,39
E35000565,0.249703791,0.127750508,0.042907921,44.8,47
E35000567,0.251009105,0.14531118,0.061485028,45.5,46
E35000569,0.178213411,0.088586916,0.027623079,40.9,41
E35000570,0.253095592,0.126960542,0.035661218,45.9,48
E35000572,0.155093393,0.072120374,0.019759599,39.8,40
E35000573,0.111646393,0.053534867,0.012104059,35.5,35
E35000574,0.158347928,0.068388792,0.017746643,38.1,38
E35000575,0.186487465,0.088017015,0.022219205,41.2,42
E35000580,0.174304928,0.083662975,0.019298146,40.2,41
E35000582,0.167902653,0.087789848,0.024858993,40.4,41
E35000583,0.198066855,0.095046315,0.026500201,41.6,42
E35000588,0.230342346,0.110280516,0.027139346,43.4,44
E35000589,0.18118559,0.079714613,0.021668282,42.3,44
E35000590,0.176472668,0.0838444,0.025379544,41.1,42
E35000591,0.16,0.081633307,0.024659728,38.9,38
E35000595,0.173775597,0.07662546,0.020713409,40.8,42
E35000597,0.122480455,0.056586715,0.015476254,34.9,32
E35000601,0.242257938,0.120932967,0.025872207,44.9,47
E35000603,0.156128339,0.065109411,0.02053967,39.2,40
E35000605,0.164948454,0.070140468,0.020151369,39.5,40
E35000608,0.14392422,0.066474712,0.016983809,36.8,35
E35000610,0.192033898,0.088644068,0.023728814,42.1,43
E35000618,0.142209803,0.061589004,0.018163281,38.7,39
E35000619,0.169487338,0.072699197,0.019085855,39.9,40
E35000621,0.143171402,0.058661778,0.013382218,37.5,38
E35000624,0.188577822,0.092938973,0.029917544,40.8,40
E35000629,0.231968467,0.116837275,0.037533828,44.7,47
E35000631,0.161403181,0.082287634,0.027849046,39.5,40
E35000633,0.118999116,0.053388169,0.015797363,37.2,38
E35000634,0.357540383,0.191394055,0.063933759,50.8,56
E35000635,0.105333249,0.047434841,0.013317268,35,33
E35000639,0.227054998,0.123148784,0.041580803,43,43
E35000640,0.150701474,0.069152904,0.018256082,38.8,39
E35000644,0.182511341,0.087732844,0.025769713,41.5,42
E35000648,0.14461738,0.069894798,0.022721814,38,37
E35000652,0.165431096,0.078947903,0.022463695,40,40
E35000657,0.187799949,0.095099773,0.031194746,40.6,40
E35000660,0.174101288,0.092233717,0.028642201,40.7,41
E35000666,0.149215642,0.064249794,0.016587856,38.9,39
E35000668,0.12259943,0.045905092,0.010345682,38.4,40
E35000669,0.158858951,0.071468667,0.019621351,39.2,39
E35000672,0.192586541,0.091902379,0.022669254,40.9,42
E35000674,0.149051587,0.068214856,0.019180996,38.7,39
E35000676,0.227575132,0.111264051,0.031142464,43.7,46
E35000681,0.220350615,0.100567721,0.027013538,43.9,46
E35000682,0.171405549,0.078277886,0.023713595,39.6,40
E35000684,0.139929929,0.061577662,0.015925257,37.6,38
E35000688,0.125992351,0.067419092,0.019141038,36.8,35
E35000689,0.195087181,0.090909091,0.02006799,41.3,42
E35000690,0.262341579,0.135120095,0.045165691,45.2,46
E35000692,0.171504085,0.0855358,0.02566074,39.7,39
E35000697,0.158882183,0.071175544,0.021319864,39.1,39
E35000699,0.315919957,0.168408004,0.052417213,48.3,52
E35000700,0.218864501,0.122308685,0.038315246,42,40
E35000703,0.21612586,0.097148476,0.028318584,42.6,44
E35000707,0.314379167,0.171090703,0.055981885,49,53
E35000708,0.188412241,0.093877472,0.029655692,41.5,43
E35000715,0.21699655,0.107317959,0.030869802,42.6,43
E35000718,0.139353004,0.060078208,0.014930679,36.1,31
E35000719,0.129335851,0.066386768,0.021978641,36.9,36
E35000726,0.184654796,0.078741811,0.02355955,41.6,43
E35000727,0.200441745,0.102889748,0.036812074,42.5,44
E35000728,0.151257327,0.066931367,0.022310456,39.6,40
E35000731,0.144037081,0.074336098,0.023314979,38.1,37
E35000734,0.15695699,0.06869976,0.016947046,39.5,40
E35000735,0.187162162,0.089780405,0.024070946,40.8,41
E35000745,0.138764105,0.065298227,0.019043525,37.1,36
E35000753,0.172880092,0.094082559,0.032772995,39.5,40
E35000754,0.182286722,0.085040011,0.02115828,42.3,43
E35000756,0.227806023,0.092491201,0.017598749,44.3,47
E35000757,0.126336224,0.058696371,0.015937201,35.6,34
E35000758,0.141219239,0.060402685,0.015659955,41.4,39
E35000760,0.136537468,0.064547804,0.016692506,37.9,38
E35000761,0.204287902,0.112649311,0.039877489,42.3,43
E35000768,0.174137931,0.080956113,0.02484326,40.1,41
E35000772,0.189238719,0.08784474,0.026167157,42,43
E35000775,0.130163256,0.0636052,0.017717137,35.1,32
E35000776,0.171632896,0.079856973,0.021263409,39.6,40
E35000778,0.198062168,0.102891993,0.033395633,41.6,41
E35000779,0.190425757,0.091691379,0.025312434,41.5,43
E35000780,0.200649713,0.100807066,0.032434902,42.2,42
E35000781,0.193836789,0.081605478,0.019022256,43,45
E35000785,0.188776269,0.100877991,0.032986657,40.7,40
E35000787,0.143081552,0.063277136,0.018938891,37.9,37
E35000789,0.200920661,0.098564852,0.029921473,42.6,44
E35000793,0.179480921,0.08258075,0.022292735,42,43
E35000797,0.222798599,0.109713396,0.034885229,44.2,46
E35000801,0.203408782,0.104958699,0.032530152,42.1,42
E35000803,0.243944307,0.123784093,0.038718291,44.8,46
E35000804,0.157735277,0.064760462,0.016852869,39.8,40
E35000811,0.162875835,0.076743161,0.022372123,39.4,40
E35000813,0.247621188,0.113958193,0.031542669,45,47
E35000814,0.182750148,0.079386597,0.023299161,41.2,42
E35000817,0.21065979,0.097562015,0.02401756,43,45
E35000829,0.204311315,0.103800537,0.031339278,42,43
E35000831,0.276066351,0.133096367,0.04443128,47.8,51
E35000833,0.198580332,0.093273892,0.020992036,40.8,41
E35000835,0.321047777,0.175262867,0.058716104,48.6,51
E35000841,0.169968105,0.081088076,0.022340664,39.9,40
E35000842,0.193943623,0.097153224,0.026430366,41.8,43
E35000843,0.177163828,0.082288786,0.023828599,39.4,39
E35000848,0.057660222,0.019383649,0.002748062,32.8,34
E35000850,0.217362492,0.099403579,0.02518224,43.7,45
E35000853,0.232013044,0.10727631,0.030300972,43.7,45
E35000869,0.18541312,0.080398062,0.022914757,41.7,42
E35000872,0.121508172,0.058098068,0.016084695,36.8,36
E35000874,0.181467964,0.094687753,0.02351987,39.4,39
E35000876,0.141225544,0.071605919,0.017181448,37.2,36
E35000877,0.202312453,0.085712735,0.025404408,42.9,44
E35000879,0.118054256,0.048456501,0.014717805,36.8,37
E35000880,0.195096888,0.089792523,0.024466628,40.9,41
E35000882,0.176127647,0.080085916,0.024547407,38.7,38
E35000883,0.188919455,0.090909091,0.028149191,41.3,42
E35000885,0.160899789,0.05764274,0.015699445,40.4,41
E35000888,0.162286298,0.068668311,0.018924896,39.4,40
E35000892,0.162902832,0.075561523,0.02154541,40,40
E35000897,0.205758774,0.10578349,0.037815126,41.3,42
E35000899,0.142658864,0.070597944,0.020819266,38.4,38
E35000901,0.14616889,0.078248259,0.023336043,38.7,38
E35000902,0.163388479,0.073018268,0.019534408,38.6,38
E35000904,0.169371639,0.087883339,0.024950342,40.5,41
E35000906,0.207633686,0.100555412,0.026931026,42.9,45
E35000908,0.157984795,0.067393883,0.01679986,38.8,39
E35000910,0.17239855,0.080894704,0.021306693,39.1,39
E35000913,0.304913765,0.126098275,0.025870485,48.1,52
E35000923,0.174478588,0.080784894,0.024657534,39.4,39
E35000924,0.20171534,0.08674411,0.024210183,42.6,44
E35000925,0.17564217,0.074283447,0.019934543,40.9,42
E35000926,0.230778648,0.120164055,0.036851126,44.1,45
E35000930,0.152577737,0.073431257,0.021009863,37.6,35
E35000932,0.200681389,0.095107134,0.023068714,42.3,44
E35000933,0.139732888,0.058931553,0.015525876,37.8,38
E35000934,0.167809111,0.077049892,0.022241504,40,40
E35000938,0.319368638,0.159168019,0.044401829,49.1,53
E35000940,0.136203929,0.061876577,0.016152994,36.5,35
E35000950,0.269499915,0.125618706,0.037463731,45.8,48
E35000952,0.154860323,0.06932512,0.014481007,38.5,39
E35000953,0.164666387,0.073688628,0.020142677,40.2,41
E35000961,0.17102424,0.076234707,0.01957348,40.2,41
E35000962,0.121667475,0.045661658,0.01173049,36.7,36
E35000963,0.119373379,0.056441381,0.013961217,34.9,32
E35000964,0.176623687,0.083315882,0.025368714,40.6,41
E35000965,0.198956925,0.099864787,0.033996523,43.2,45
E35000969,0.180702353,0.08182748,0.021252415,40.9,42
E35000970,0.198184569,0.095310136,0.027712832,41.8,43
E35000975,0.183660433,0.096036751,0.031939763,41.2,41
E35000976,0.171360571,0.083829168,0.026664904,39.7,39
E35000979,0.199215386,0.097598316,0.029088126,42.2,43
E35000985,0.206467141,0.096431561,0.026458072,42.4,43
E35000986,0.20042796,0.095292439,0.035092725,41.9,43
E35000987,0.239757724,0.112562951,0.027494215,44,46
E35000992,0.160195975,0.072669492,0.019306144,39.6,40
E35000993,0.211535423,0.100763761,0.024861733,41.9,42
E35000995,0.147390273,0.071470937,0.017497034,38.5,38
E35000997,0.273717785,0.148674132,0.045375178,46.6,49
E35000998,0.219031481,0.115223401,0.037099795,42.7,44
E35001001,0.189556357,0.08575674,0.022872002,40.6,41
E35001004,0.159308661,0.076147536,0.024860668,39.4,40
E35001007,0.193948698,0.088466705,0.023859784,40.9,42
E35001011,0.203012277,0.096595368,0.027414251,41.9,43
E35001012,0.169786377,0.085088484,0.025493495,40.1,40
E35001013,0.168301465,0.083405761,0.023528681,40.1,40
E35001014,0.23830234,0.133023395,0.045890822,44.6,46
E35001027,0.176215663,0.082033783,0.022726497,40.5,41
E35001028,0.131279603,0.066087346,0.018162831,37.3,37
E35001036,0.258774539,0.136030141,0.050631238,45.9,48
E35001040,0.153077159,0.069434762,0.019129416,38.4,38
E35001042,0.149674581,0.072890187,0.019759497,37.8,37
E35001045,0.173667121,0.078872944,0.01948256,40.9,42
E35001053,0.215128101,0.104107361,0.0283313,43.5,45
E35001055,0.196000939,0.100133041,0.03349507,41.6,42
E35001056,0.224365877,0.112287629,0.034996411,42.8,44
E35001059,0.143246769,0.068540259,0.020396063,38.9,39
E35001061,0.299237493,0.151664497,0.043425702,47.5,50
E35001065,0.195775179,0.094492644,0.032063372,41.4,42
E35001066,0.216616524,0.099861143,0.023489933,43,44
E35001069,0.164002967,0.060084969,0.012812732,40.8,43
E35001070,0.165810811,0.080540541,0.027837838,39.7,40
E35001073,0.167462129,0.080445459,0.024002213,40,40
E35001075,0.161891117,0.074657752,0.016873607,38,38
E35001085,0.141099923,0.068703006,0.020888414,36.7,35
E35001086,0.232440261,0.105141202,0.028674873,44.8,47
E35001090,0.194614617,0.085909674,0.025359738,42.3,44
E35001094,0.167822715,0.085207756,0.022116343,39,39
E35001095,0.171639012,0.069143874,0.017585964,40.3,41
E35001097,0.170775877,0.082736952,0.020553325,39.8,40
E35001099,0.186553282,0.075046505,0.020090353,41.4,43
E35001102,0.164717604,0.078137291,0.025486392,40.1,40
E35001106,0.258818342,0.130070547,0.041446208,45.9,49
E35001109,0.186434396,0.09414381,0.026686434,40.6,40
E35001112,0.303206997,0.162138882,0.059037901,48.3,51
E35001114,0.131451912,0.052729298,0.016152989,38.9,39
E35001115,0.159216203,0.071967881,0.021033078,39.3,40
E35001116,0.167317618,0.083589064,0.022632166,40.2,41
E35001118,0.145775814,0.064304001,0.015360675,38.2,39
E35001121,0.225277631,0.116208355,0.040851401,43.4,44
E35001127,0.246674243,0.131760144,0.043385253,45.1,47
E35001128,0.191355988,0.088683603,0.024414385,40.9,41
E35001129,0.139552481,0.060317803,0.020430224,40,42
E35001131,0.154468298,0.056914628,0.01318023,39.4,40
E35001132,0.219694116,0.110148422,0.034807504,42.8,44
E35001137,0.224772287,0.112673026,0.034569318,43.5,45
E35001140,0.181834133,0.099660779,0.035969119,41.2,41.5
E35001141,0.167531625,0.077521894,0.022975457,39.6,40
E35001145,0.193080964,0.093642456,0.026082231,42.5,43
E35001146,0.175511858,0.095475806,0.033146136,40,38
E35001147,0.131121076,0.051390135,0.012107623,37.3,38
E35001149,0.132152589,0.060493425,0.017933302,36.7,36
E35001152,0.16304543,0.0836775,0.023612857,39.2,40
E35001153,0.159714758,0.085262505,0.023790823,39,39
E35001154,0.209474315,0.104137517,0.02818309,42.5,45
E35001155,0.215250422,0.102912212,0.033061339,42.8,44
E35001157,0.15718243,0.072180451,0.019311436,38.9,39
E35001158,0.19375,0.095,0.027916667,41.7,42
E35001159,0.158535586,0.078712263,0.022166568,39.1,39
E35001160,0.158186283,0.08211981,0.026611844,39,38
E35001161,0.166417197,0.078858815,0.019481177,39.6,40
E35001162,0.185361046,0.087738159,0.023741265,41.1,41
E35001164,0.177396098,0.086174724,0.027862595,40.8,43
E35001165,0.157744296,0.075245185,0.021139286,39.6,40
E35001166,0.127487314,0.062091895,0.017199142,35.1,32
E35001167,0.158307545,0.075658948,0.023156547,39,39
E35001171,0.283414378,0.157050861,0.05907478,46.8,49
E35001175,0.172708313,0.078855894,0.020260205,40.3,41
E35001176,0.237257096,0.125648591,0.038559365,43.5,43
E35001178,0.22875,0.103636364,0.032045455,44.7,47
E35001179,0.135695207,0.067924078,0.01929017,36.7,33
E35001180,0.165370108,0.082567185,0.026854471,40.1,41
E35001181,0.193324583,0.087630477,0.023626477,42.1,43
E35001182,0.135148157,0.061940589,0.016974594,36.4,35
E35001183,0.136099141,0.067282643,0.020828768,37.7,37
E35001185,0.215836013,0.091438907,0.023211415,42.9,44
E35001186,0.171594285,0.073560617,0.02178526,39.7,40
E35001187,0.184715822,0.081797235,0.019969278,41.6,43
E35001190,0.123833819,0.064978134,0.021683673,34.2,25
E35001191,0.159450204,0.072805742,0.022564151,39.7,40
E35001192,0.166624462,0.083838167,0.028010986,39.4,39
E35001194,0.159229142,0.069615232,0.019635065,39.3,39
E35001195,0.206135987,0.098554845,0.027315802,42.4,43
E35001196,0.174844795,0.085681007,0.020322918,40.4,41
E35001197,0.19150919,0.08599534,0.027646907,42.1,43
E35001198,0.190126543,0.100804562,0.034018122,40.9,41
E35001199,0.149776764,0.069097632,0.019166894,37.7,37
E35001200,0.131954268,0.068339022,0.021879907,37,34
E35001201,0.134779921,0.064255274,0.01938905,37.2,36
E35001202,0.169435345,0.073350491,0.021603494,40,40
E35001203,0.198648128,0.071130879,0.018141701,42,43
E35001205,0.153729549,0.073597826,0.023025456,38.9,38
E35001208,0.182696531,0.079270971,0.022617479,41.8,43
E35001210,0.141722658,0.065510245,0.017770423,37.5,36
E35001211,0.114454988,0.055398056,0.014744208,34.3,32
E35001213,0.181164902,0.089121166,0.029603906,41.3,42
E35001214,0.174888333,0.073921367,0.019192068,40.1,41
E35001215,0.186796557,0.082947129,0.021469782,41.2,42
E35001216,0.151136254,0.070789361,0.018741615,38.3,38
E35001217,0.169948294,0.075973747,0.020697216,40.6,41
E35001218,0.193907358,0.10193351,0.031826401,42,43
E35001219,0.151266482,0.072058198,0.020922251,38.5,38
E35001220,0.203376715,0.098417165,0.031023567,43.1,45
E35001221,0.179958939,0.087057802,0.026058117,40.3,41
E35001222,0.161604718,0.078278327,0.019425887,39.4,39
E35001223,0.151475063,0.073885435,0.025730917,40.1,40
E35001224,0.165812629,0.077173913,0.023447205,39.5,40
E35001225,0.151171204,0.067468572,0.017861988,38.3,38
E35001227,0.098795181,0.042570281,0.011084337,33.7,32
E35001228,0.199540504,0.0929629,0.030760722,42.2,43
E35001229,0.166006601,0.075660066,0.019059406,40,41
E35001230,0.19134749,0.091893358,0.027892364,42,43
E35001231,0.152891735,0.066439864,0.016009606,39.9,40
E35001232,0.194724864,0.092489934,0.024158254,41.9,43
E35001234,0.181485385,0.084530479,0.024571524,40.6,41
E35001235,0.201374281,0.109802272,0.038564016,41,41
E35001236,0.175082314,0.081853975,0.022196127,41,42
E35001237,0.133782244,0.066197255,0.020271948,36.6,33
E35001238,0.146190682,0.060440452,0.015434771,38.6,39
E35001239,0.16023425,0.081290955,0.025772664,39.4,39
E35001240,0.185214148,0.094080847,0.027370067,40.7,42
E35001241,0.222391316,0.106474266,0.031775427,43.6,45
E35001242,0.117013565,0.054481205,0.014976183,36.9,37
E35001244,0.179767796,0.0793681,0.021888085,40.8,41
E35001245,0.214761159,0.099256069,0.026624902,43,45
E35001246,0.354945593,0.195225724,0.063104786,50.8,55
E35001248,0.154202573,0.067568764,0.018681384,39.2,40
E35001249,0.155005885,0.080921554,0.02639687,38.8,38
E35001250,0.110342643,0.052775678,0.014057169,34.7,31
E35001251,0.105535705,0.049992232,0.015338408,33.1,30
E35001252,0.155437705,0.074394981,0.020017927,38.1,36
E35001253,0.163297947,0.074640042,0.019717353,39,39
E35001256,0.145109431,0.068733078,0.018191561,37,36
E35001257,0.14848727,0.078308026,0.023495833,37.7,36
E35001258,0.169638693,0.073445517,0.013347207,39.7,41
E35001260,0.15028148,0.07794233,0.025055723,37.8,34
E35001261,0.14039936,0.070249129,0.021527989,37.2,35
E35001263,0.130027127,0.055801336,0.013071895,36.9,36
E35001264,0.172173756,0.094743028,0.032228902,39.9,40
E35001266,0.22702864,0.097454256,0.02615354,43.8,45
E35001267,0.157375841,0.063945453,0.015018889,39.8,41
E35001268,0.171647282,0.082808913,0.02684151,40.3,41
E35001270,0.147868301,0.071299042,0.020334725,38.9,39
E35001272,0.162938211,0.075168488,0.022866285,39.1,39
E35001276,0.205491466,0.104972003,0.028604196,42.2,43
E35001278,0.119871626,0.056059575,0.015768926,36.3,35
E35001279,0.208382378,0.107235341,0.032219309,42.5,44
E35001281,0.148678574,0.076181212,0.022744676,38.1,37
E35001282,0.164660677,0.070746454,0.019042776,39.8,40
E35001283,0.160945299,0.074564531,0.018844861,40.8,42
E35001284,0.141967645,0.069294176,0.018166033,37.5,37
E35001286,0.162099474,0.074079388,0.020875179,39.8,41
E35001287,0.160474078,0.079037301,0.026539664,39.6,39
E35001288,0.155944872,0.076746269,0.023265494,39,38
E35001290,0.184147143,0.079337275,0.022115174,41.8,44
E35001291,0.16131989,0.072541574,0.020295928,40.1,41
E35001292,0.151457101,0.069825914,0.021024401,38.6,39
E35001293,0.259593679,0.138053938,0.04039444,43.7,44
E35001295,0.209524857,0.108117026,0.033435988,43.2,45
E35001297,0.248801455,0.105306662,0.026285336,46.3,49
E35001298,0.150227301,0.075042471,0.022578227,38.9,39
E35001299,0.164832707,0.078412954,0.020710324,39.4,40
E35001301,0.163715816,0.074936566,0.019594023,39.6,40
E35001302,0.18090299,0.087248322,0.025676225,41.2,42
E35001303,0.207736944,0.096789168,0.028471954,42.8,44
E35001305,0.135250611,0.057809642,0.01409636,38.2,38
E35001306,0.14812327,0.06765999,0.019357596,38,38
E35001307,0.135822537,0.05657112,0.014342468,37.4,37
E35001308,0.162689554,0.06654607,0.016472943,39.4,40
E35001311,0.131174027,0.071857209,0.021734113,36.1,32
E35001312,0.14327047,0.070245279,0.021970546,37.3,35
E35001313,0.157555903,0.078195503,0.023050699,38.4,37
E35001314,0.179320796,0.087698166,0.026849549,41.1,41
E35001315,0.210025665,0.105837781,0.037092109,42.7,43
E35001316,0.110642549,0.053674201,0.015813979,34.4,30
E35001318,0.241235833,0.120990529,0.039170936,44.5,46
E35001320,0.154720488,0.075008783,0.020658862,38.5,38
E35001321,0.209607713,0.099900266,0.032746011,44.1,46
E35001322,0.197092335,0.099114071,0.033488361,41.3,41
E35001323,0.184871501,0.09398007,0.027098428,41.1,41
E35001324,0.150071782,0.070282342,0.020577445,38.9,39
E35001325,0.113085133,0.049382301,0.013043113,35.8,34
E35001326,0.168404603,0.078177941,0.02205281,39.5,39
E35001327,0.242159008,0.098285923,0.022611233,45.5,48.5
E35001329,0.171044115,0.079714835,0.021669964,39.6,40
E35001332,0.160288623,0.069836361,0.018786239,39.6,40
E35001333,0.124989466,0.062956143,0.017582043,35.7,32
E35001334,0.165387938,0.077781073,0.021057111,39.8,40
E35001335,0.14884233,0.072724139,0.019164958,38.2,37
E35001337,0.140377778,0.060955556,0.016733333,38.3,38
E35001340,0.153570408,0.071342174,0.019814827,39.7,40
E35001341,0.171605704,0.086794792,0.027402356,40.6,42
E35001345,0.279883382,0.129480364,0.032584462,47.5,51
E35001346,0.171411081,0.079614325,0.022620141,40.9,42
E35001347,0.135343662,0.066049704,0.01946553,37,34
E35001348,0.150355232,0.078053596,0.019632216,38.2,37
E35001349,0.168086501,0.076975286,0.022748549,40.6,42
E35001350,0.190316814,0.076522268,0.017343019,42,43
E35001351,0.170573969,0.07720291,0.023443816,40.8,42
E35001352,0.16717493,0.079446869,0.021609969,39.8,40
E35001353,0.102821672,0.04961429,0.013773519,34.4,33
E35001354,0.181578519,0.090818881,0.025074423,41.2,41
E35001356,0.174493696,0.080876862,0.023942363,41.1,42
E35001357,0.138922146,0.067824281,0.02008523,37.3,35
E35001358,0.149619803,0.07434787,0.020709179,37.6,36
E35001359,0.264729142,0.13892184,0.044220377,46.1,48
E35001360,0.080146275,0.038397075,0.014779826,32.9,33
E35001361,0.193133047,0.092795533,0.029709571,41.4,42
E35001362,0.159845392,0.062854459,0.018784091,40.8,42
E35001363,0.16184104,0.078075146,0.024715463,39.4,39
E35001365,0.173281952,0.076514665,0.021237422,40.2,41
E35001366,0.196884081,0.089199225,0.022656334,42,43
E35001367,0.178392622,0.087641634,0.024769433,40,40
E35001370,0.150473407,0.078318612,0.027292368,38.3,38
E35001373,0.19728145,0.080703625,0.0195629,42,44
E35001374,0.182058746,0.088594866,0.023021963,40.7,40
E35001375,0.216793473,0.118709323,0.040333669,43.9,46
E35001376,0.145044163,0.06971336,0.020883635,36.8,34
E35001378,0.215024064,0.10171584,0.027568529,43.1,44
E35001379,0.168539109,0.071973207,0.017498649,40,40
E35001380,0.133215369,0.064206269,0.014155713,36,35
E35001381,0.163361834,0.072039294,0.018191741,40.3,41
E35001385,0.156765884,0.07361763,0.017864911,38.4,38
E35001386,0.16390119,0.07613509,0.023528784,39.6,40
E35001387,0.173956823,0.082930562,0.023038505,40.5,41
E35001388,0.1668,0.068666667,0.016,40.2,41
E35001389,0.131874316,0.065742361,0.01840984,36.5,35
E35001391,0.169973176,0.083220461,0.02387592,39.9,39
E35001392,0.150539178,0.077117686,0.025227424,38.1,35
E35001393,0.256282272,0.129546758,0.038783706,46.3,48
E35001395,0.174565373,0.081352703,0.023862824,40.2,40
E35001397,0.32379806,0.185536595,0.068021431,48.8,52
E35001398,0.153862849,0.072056583,0.020793082,38.4,37
E35001399,0.132666306,0.06583739,0.01874662,36.4,34
E35001400,0.196697921,0.100743987,0.030880554,42,42
E35001401,0.147537991,0.068954502,0.018870077,39.2,39
E35001402,0.149605091,0.071212465,0.019429392,38.1,37
E35001404,0.388212316,0.213005515,0.072035846,52.9,59
E35001405,0.122625465,0.064251327,0.02186287,35.9,32
E35001407,0.1629799,0.079655429,0.024407104,39.7,40
E35001409,0.177162583,0.09387673,0.033951134,40.4,40
E35001411,0.157389461,0.068140521,0.01774682,40.4,42
E35001413,0.167349064,0.075355596,0.018957234,39.5,40
E35001414,0.171945406,0.077319924,0.021680925,39.7,40
E35001415,0.165649972,0.073875484,0.019233011,39.6,40
E35001416,0.197919807,0.09205105,0.025223596,41.7,42
E35001417,0.19223772,0.098631205,0.030841202,41.1,43
E35001418,0.092160323,0.041845223,0.012503151,34.5,33
E35001419,0.248176481,0.112702366,0.030065825,45.1,47
E35001421,0.154731428,0.071426924,0.01958071,39.6,41
E35001423,0.209886128,0.096532091,0.03429089,43.5,46
E35001424,0.209463052,0.098529151,0.029594187,42.1,43
E35001425,0.132985053,0.051487447,0.011406182,36.9,37
E35001427,0.147439815,0.059625848,0.01386301,39.9,41
E35001428,0.170960877,0.078179735,0.018890162,40.2,41
E35001432,0.171776582,0.091686481,0.027280691,40.6,41
E35001435,0.186917416,0.09108749,0.032379395,41.7,43
E35001436,0.181628087,0.089262406,0.024892784,40.7,41
E35001437,0.129247263,0.061696658,0.016695809,37.4,37
E35001438,0.13545581,0.063866615,0.016554724,35.6,33
E35001441,0.113798017,0.05680838,0.018200683,34.7,30
E35001442,0.226369955,0.112999361,0.034256605,43.5,44
E35001444,0.145216093,0.067352577,0.01810041,38,37
E35001446,0.182834557,0.084246189,0.023207228,40.8,42
E35001447,0.14905406,0.076254582,0.022679392,38.5,38
E35001448,0.167486139,0.07302019,0.018725808,38.6,38
E35001451,0.144608626,0.071585463,0.022394169,37.5,34
E35001452,0.149101874,0.070901521,0.020578515,38.4,38
E35001453,0.159751037,0.081950207,0.02593361,38.6,38
E35001454,0.099097886,0.046796224,0.013613991,34.8,34
E35001456,0.142610424,0.061365472,0.015481146,37.7,38
E35001457,0.188229325,0.091887931,0.027622752,41.2,42
E35001458,0.218577985,0.112457736,0.03712657,42.1,43
E35001459,0.189605243,0.104481024,0.040009145,41.3,42
E35001461,0.221302373,0.104795558,0.030893488,42.6,44
E35001462,0.111022609,0.052662214,0.0149807,36.1,36
E35001463,0.216402761,0.097848153,0.029395047,43.8,45
E35001464,0.273653566,0.141375546,0.037845706,46.8,50
E35001468,0.159604887,0.069989602,0.018260983,39.8,40
E35001470,0.145277556,0.070103772,0.016718363,38,36
E35001471,0.243297252,0.110574521,0.036636137,44.7,48
E35001472,0.194774588,0.092386041,0.026939721,41.5,42
E35001474,0.159101672,0.073893462,0.020221459,39.7,40
E35001476,0.229424475,0.119426439,0.035552937,43.1,44
E35001479,0.164283018,0.078960981,0.021837297,39.3,39
E35001480,0.190561529,0.077060932,0.021505376,42,44
E35001481,0.149549331,0.072026191,0.019198901,37.7,35
E35001482,0.155654979,0.072625117,0.020809489,38.3,38
E35001485,0.195195845,0.090456611,0.019836976,41.8,43
E35001486,0.22529634,0.11264817,0.037149928,43,44
E35001487,0.173339227,0.077102804,0.019954534,41.2,43
E35001490,0.211918086,0.108019187,0.031517127,42.6,44
E35001491,0.151127562,0.073754198,0.020261841,37.4,36
E35001492,0.193558934,0.093319165,0.027437197,42.3,44
E35001493,0.15277839,0.07389944,0.021680694,39.5,40
E35001494,0.171826124,0.079036781,0.023055765,40,40
E35001496,0.272561404,0.142315789,0.049403509,46.7,49
E35001497,0.164377703,0.073839724,0.018544977,39.8,40
E35001498,0.166991019,0.08000822,0.020706161,39.5,39
E35001499,0.162084865,0.085098932,0.027315707,39.6,39
E35001500,0.180372106,0.088907826,0.024002272,41.4,43
E35001501,0.12006127,0.056811687,0.016108457,36.2,34
E35001502,0.150615121,0.069793367,0.018115221,38.7,39
E35001503,0.217929061,0.107124604,0.03557191,43.7,46
E35001507,0.157493731,0.079566643,0.027229473,39.3,39
E35001516,0.087569141,0.036914119,0.010957787,34.5,34
E35001517,0.140968518,0.060791758,0.017505096,38.5,38
